name,review_count
Ann,3061
PatrickJ,3057
Jana,3044
Sean,3038
Lorrie,3023
Yi,2977
Maria,2963
Denise,2962
Peter,2939
Elena,2848
Shiho,2839
Maggie,2830
Candice,2816
Matze,2815
Colleen,2770
Carol,2759
Vicky,2750
Hank,2743
Anthony,2741
Shannon,2700
Eric,2685
Dave,2678
Vic,2665
Carmen,2661
Sarah,2638
Randy,2622
Andrea,2619
Charley,2617
Danielle,2615
Michael,2609
Stephy,2606
Marlon,2589
Solomon,2581
Jacob,2555
Michelangelo,2554
Dianna,2553
Jess,2541
Denise,2523
Jason,2518
Lili,2517
Jenny,2513
Pegah,2506
Inigo,2474
Tram,2467
Amy,2443
Toni,2441
Helen,2440
Edward,2433
Gerald,2429
Joanna,2429
Norm,2421
Stephen,2419
Lolia,2415
Ruggy,2411
Chad,2410
Bill,2396
Adrienne,2395
Janet,2393
Rob,2388
Jen,2382
Curt,2375
Dave,2363
Madelyn,2358
Don,2344
Karen,2340
Yonnie,2335
Brenda,2333
Jboogie,2331
Mimi,2330
Dani,2327
Ruth,2326
Dan,2321
Rob,2318
Janice,2310
Yee Gan,2298
Scott,2291
Maruko,2280
Rebecca,2277
Juan,2258
Emily,2255
MICHELLE,2250
Franco,2248
Johnny,2246
Kent,2239
Sadri,2238
John,2235
Arnel,2229
Ro,2216
Bill,2206
Maximillian,2205
Matt,2201
Messer,2200
Brett,2192
Cherylynn,2190
Trina,2179
Tiffany,2177
Marcus,2170
Mark,2167
Derek,2167
Jon,2165
Shradha,2165
Jen,2164
Nadine,2160
Abby,2158
Min,2157
Dan,2156
Ronald,2142
Nat,2130
M,2127
Nino,2127
Nora,2121
Alexis,2101
Wendy,2100
Gourmet,2100
Keila,2097
Leang,2096
Janet,2088
Christina,2086
Rebekah,2085
Tiffany,2080
Jordan,2079
Lisa,2074
Rhea,2067
Allie,2057
Jen,2046
Louis,2044
Matthew,2041
Lolo,2035
Erika,2032
Denis,2028
Ai,2028
Manda Bear,2027
Amuse,2027
Mika,2023
Cindy,2022
Meg,2020
Dominik,2017
Kevin,2016
Fancypants,2014
Mel,2010
Amy,2009
David,2008
Hideo,2006
Marilyn,2003
Courtney,2000
Brian,1998
Ziyan,1995
Javier,1994
Sheri,1991
Katy,1988
Cynthia,1988
Alexandra,1985
J,1982
Michelle,1980
Danny,1976
Realtor Karl,1976
Ed,1964
Michelle,1961
David,1961
Vivian,1948
Matt,1947
Boon,1940
Jeffrey,1939
Andrea,1938
Wanugee,1935
Albert,1934
Gabi,1932
횙scar,1930
Jennifer,1929
Michelle,1928
Jen,1927
Monica,1925
Lia,1921
Susan,1921
Mary Kate,1920
James,1914
Darylynn,1914
Jessica,1905
GT,1904
Chris,1897
Darya,1894
Eugene,1890
Nish,1889
Stefanie,1889
Andy,1887
Lisa,1886
Ee Vonn,1886
Shannon,1883
Michael,1880
Brittany,1878
Naomi,1878
Monica,1876
Joe,1875
Dung,1874
Brian,1868
Cherie,1865
Laura,1864
Kathleen,1863
Fatty,1863
Doctor,1862
Heejin,1860
Ivy,1857
Steve,1856
Franklin,1856
Kislev,1848
Danan,1843
Timmy,1840
Angela,1831
Fannie,1829
Jane,1827
John L.,1818
